date,S&P500,Portfolio
2013-01-02,1462.42,456.78
2013-01-03,1459.37,454.662
2013-01-04,1466.47,456.3980000000001
2013-01-07,1461.89,459.88559999999995
2013-01-08,1457.15,456.01790000000005
2013-01-09,1461.02,456.76950000000005
2013-01-10,1472.12,456.79949999999997
2013-01-11,1472.05,456.01200000000006
2013-01-14,1470.6801,452.49399999999997
2013-01-15,1472.34,454.0379999999999
2013-01-16,1472.63,455.0489999999999
2013-01-17,1480.9399,455.2960000000001
2013-01-18,1485.98,458.5619999999999
2013-01-22,1492.5601,458.22999999999996
2013-01-23,1494.8101,456.36100000000005
2013-01-24,1494.8199,455.5350000000001
2013-01-25,1502.96,458.23999999999995
2013-01-28,1500.1801,458.0835
2013-01-29,1507.84,456.96500000000003
2013-01-30,1501.96,451.784
2013-01-31,1498.11,454.6625
2013-02-01,1513.17,461.3698
2013-02-04,1495.71,453.24500000000006
2013-02-05,1511.29,453.83
2013-02-06,1512.12,455.30000000000007
2013-02-07,1509.39,453.501
2013-02-08,1517.9301,460.03400000000005
2013-02-11,1517.01,456.3233
2013-02-12,1519.4301,455.78509999999994
2013-02-13,1520.33,456.66010000000006
2013-02-14,1521.38,453.678
2013-02-15,1519.79,454.45
2013-02-19,1530.9399,458.39
2013-02-20,1511.95,452.80000000000007
2013-02-21,1502.42,449.72819999999996
2013-02-22,1515.6,453.17
2013-02-25,1487.85,450.26099999999997
2013-02-26,1496.9399,452.83
2013-02-27,1515.99,458.17999999999995
2013-02-28,1514.6801,453.69500000000005
2013-03-01,1518.2,454.32
2013-03-04,1525.2,456.14500000000004
2013-03-05,1539.79,460.3299999999999
2013-03-06,1541.46,461.91
2013-03-07,1544.26,461.9386999999999
2013-03-08,1551.1801,465.06999999999994
2013-03-11,1556.22,462.88
2013-03-12,1552.48,463.75829999999996
2013-03-13,1554.52,466.6600000000001
2013-03-14,1563.23,470.365
2013-03-15,1560.7,468.8299999999999
2013-03-18,1552.1,466.76
2013-03-19,1548.34,465.97
2013-03-20,1558.71,468.816
2013-03-21,1545.8,468.4599999999999
2013-03-22,1556.89,470.31000000000006
2013-03-25,1551.6899,472.02989999999994
2013-03-26,1563.77,475.33000000000004
2013-03-27,1562.85,477.7900000000001
2013-03-28,1569.1899,481.6705
2013-04-01,1562.17,477.09000000000003
2013-04-02,1570.25,475.22
2013-04-03,1553.6899,462.51000000000005
2013-04-04,1559.98,465.0042
2013-04-05,1553.28,464.6155
2013-04-08,1563.0699,466.5
2013-04-09,1568.61,468.65000000000003
2013-04-10,1587.73,471.535
2013-04-11,1593.37,473.39500000000004
2013-04-12,1588.85,476.03000000000003
2013-04-15,1552.36,462.11999999999995
2013-04-16,1574.5699,464.25999999999993
2013-04-17,1552.01,457.54990000000004
2013-04-18,1541.61,454.56999999999994
2013-04-19,1555.25,461.0300000000001
2013-04-22,1562.5,460.47470000000004
2013-04-23,1578.78,462.32000000000005
2013-04-24,1578.79,464.91999999999996
2013-04-25,1585.16,468.90000000000003
2013-04-26,1582.24,466.4039
2013-04-29,1593.61,470.376
2013-04-30,1597.5699,472.66
2013-05-01,1582.7,467.3100000000001
2013-05-02,1597.59,475.579
2013-05-03,1614.42,473.66
2013-05-06,1617.5,474.03999999999996
2013-05-07,1625.96,475.90999999999997
2013-05-08,1632.6899,480.2949999999999
2013-05-09,1626.67,480.44000000000005
2013-05-10,1633.7,488.7099999999999
2013-05-13,1633.77,488.869
2013-05-14,1650.34,493.93000000000006
2013-05-15,1658.78,494.2500000000001
2013-05-16,1650.47,493.4899999999999
2013-05-17,1667.47,498.2099
2013-05-20,1666.29,498.93
2013-05-21,1669.16,498.43500000000006
2013-05-22,1655.35,492.17
2013-05-23,1650.51,493.18
2013-05-24,1649.6,493.132
2013-05-28,1660.0601,502.2997
2013-05-29,1648.36,497.53000000000003
2013-05-30,1654.41,498.96
2013-05-31,1630.74,492.07779999999997
2013-06-03,1640.42,493.5199999999999
2013-06-04,1631.38,489.4489999999999
2013-06-05,1608.9,486.16
2013-06-06,1622.5601,494.76
2013-06-07,1643.38,505.25000000000006
2013-06-10,1642.8101,507.68999999999994
2013-06-11,1626.13,503.66999999999996
2013-06-12,1612.52,501.88000000000005
2013-06-13,1636.36,504.70900000000006
2013-06-14,1626.73,499.81000000000006
2013-06-17,1639.04,501.83000000000004
2013-06-18,1651.8101,504.81
2013-06-19,1628.9301,501.17
2013-06-20,1588.1899,486.7041
2013-06-21,1592.4301,486.81500000000005
2013-06-24,1573.09,483.02549999999997
2013-06-25,1588.03,485.63290000000006
2013-06-26,1603.26,488.8899
2013-06-27,1613.2,492.6598999999999
2013-06-28,1606.28,491.979
2013-07-01,1614.96,499.585
2013-07-02,1614.08,503.106
2013-07-03,1615.41,505.9608999999999
2013-07-05,1631.89,511.74
2013-07-08,1640.46,516.25
2013-07-09,1652.3199,517.1959999999999
2013-07-10,1652.62,520.475
2013-07-11,1675.02,531.53
2013-07-12,1680.1899,539.0400000000001
2013-07-15,1682.5,541.87
2013-07-16,1676.26,536.025
2013-07-17,1680.91,534.6099999999999
2013-07-18,1689.37,534.204
2013-07-19,1692.09,536.8999999999999
2013-07-22,1695.53,538.63
2013-07-23,1692.39,536.6800000000001
2013-07-24,1685.9399,525.14
2013-07-25,1690.25,529.6879
2013-07-26,1691.65,531.03
2013-07-29,1685.33,525.0699999999999
2013-07-30,1685.96,523.347
2013-07-31,1685.73,524.4520000000001
2013-08-01,1706.87,531.9139
2013-08-02,1709.67,536.892
2013-08-05,1707.14,539.2199999999999
2013-08-06,1697.37,536.88
2013-08-07,1690.91,536.38
2013-08-08,1697.48,546.61
2013-08-09,1691.42,544.1700000000001
2013-08-12,1689.47,544.37
2013-08-13,1694.16,541.895
2013-08-14,1685.39,539.37
2013-08-15,1661.3199,532.56
2013-08-16,1655.83,530.22
2013-08-19,1646.0601,524.516
2013-08-20,1652.35,532.0
2013-08-21,1642.8,530.44
2013-08-22,1656.96,535.8499999999999
2013-08-23,1663.5,536.66
2013-08-26,1656.78,538.495
2013-08-27,1630.48,527.228
2013-08-28,1634.96,525.7349999999999
2013-08-29,1638.17,529.5
2013-08-30,1632.97,525.9399999999999
2013-09-03,1639.77,532.2752
2013-09-04,1653.08,538.47
2013-09-05,1655.08,540.38
2013-09-06,1655.17,544.12
2013-09-09,1671.71,552.8199999999999
2013-09-10,1683.99,552.0050000000002
2013-09-11,1689.13,551.37
2013-09-12,1683.42,549.8249999999999
2013-09-13,1687.99,551.044
2013-09-16,1697.6,551.0210000000001
2013-09-17,1704.76,556.2
2013-09-18,1725.52,561.8715000000001
2013-09-19,1722.34,563.42
2013-09-20,1709.91,566.43
2013-09-23,1701.84,576.088
2013-09-24,1697.42,577.025
2013-09-25,1692.77,574.0400000000001
2013-09-26,1698.67,575.4154
2013-09-27,1691.75,574.4565
2013-09-30,1681.55,570.8157000000001
2013-10-01,1695.0,578.2324
2013-10-02,1693.87,577.1754999999999
2013-10-03,1678.66,574.2861
2013-10-04,1690.5,579.9900000000001
2013-10-07,1676.12,572.2949000000001
2013-10-08,1655.45,557.6601
2013-10-09,1656.4,541.89
2013-10-10,1692.5601,557.9053
2013-10-11,1703.2,560.1189999999999
2013-10-14,1710.14,562.2040000000001
2013-10-15,1698.0601,556.9200000000001
2013-10-16,1721.54,564.4894
2013-10-17,1733.15,569.18
2013-10-18,1744.5,568.4499999999999
2013-10-21,1744.66,567.9899999999999
2013-10-22,1754.67,567.871
2013-10-23,1746.38,567.2233
2013-10-24,1752.0699,572.6500000000001
2013-10-25,1759.77,572.1100999999999
2013-10-28,1762.11,571.8600000000001
2013-10-29,1771.95,573.75
2013-10-30,1763.3101,565.398
2013-10-31,1756.54,535.6198999999999
2013-11-01,1761.64,524.645
2013-11-04,1767.9301,530.0601
2013-11-05,1762.97,536.4822
2013-11-06,1770.49,526.2418999999999
2013-11-07,1747.15,515.5201
2013-11-08,1770.61,525.1299
2013-11-11,1771.89,528.754
2013-11-12,1767.6899,506.888
2013-11-13,1782.0,506.1500000000001
2013-11-14,1790.62,504.7172999999999
2013-11-15,1798.1801,510.27500000000003
2013-11-18,1791.53,506.64790000000005
2013-11-19,1787.87,507.13
2013-11-20,1781.37,505.8288
2013-11-21,1795.85,518.258
2013-11-22,1804.76,527.3681
2013-11-25,1802.48,527.5325
2013-11-26,1802.75,534.57
2013-11-27,1807.23,538.79
2013-11-29,1805.8101,540.9669999999999
2013-12-02,1800.9,534.34
2013-12-03,1795.15,525.63
2013-12-04,1792.8101,526.05
2013-12-05,1785.03,526.4005
2013-12-06,1805.09,528.066
2013-12-09,1808.37,526.7301000000001
2013-12-10,1802.62,521.375
2013-12-11,1782.22,510.6400000000001
2013-12-12,1775.5,514.4599999999999
2013-12-13,1775.3199,514.6602
2013-12-16,1786.54,521.0
2013-12-17,1781.0,521.53
2013-12-18,1810.65,526.8385000000001
2013-12-19,1809.6,518.92
2013-12-20,1818.3199,531.6599999999999
2013-12-23,1827.99,534.4752
2013-12-24,1833.3199,537.0880000000002
2013-12-26,1842.02,539.1450000000001
2013-12-27,1841.4,536.1057
2013-12-30,1841.0699,532.5350000000001
2013-12-31,1848.36,533.8539999999999
2014-01-02,1831.98,530.11
2014-01-03,1831.37,530.4390000000001
2014-01-06,1826.77,526.1250000000001
2014-01-07,1837.88,531.1750000000001
2014-01-08,1837.49,533.3075
2014-01-09,1838.13,534.705
2014-01-10,1842.37,539.51
2014-01-13,1819.2,559.9727999999999
2014-01-14,1838.88,560.8864
2014-01-15,1848.38,556.779
2014-01-16,1845.89,567.971
2014-01-17,1838.7,563.645
2014-01-21,1843.8,565.92
2014-01-22,1844.86,566.9401
2014-01-23,1828.46,561.5403000000001
2014-01-24,1790.29,547.9827
2014-01-27,1781.5601,537.13
2014-01-28,1792.5,545.895
2014-01-29,1774.2,539.0757
2014-01-30,1794.1899,547.4467999999999
2014-01-31,1782.59,544.1331999999999
2014-02-03,1741.89,526.0492999999999
2014-02-04,1755.2,529.8100000000001
2014-02-05,1751.64,528.6700000000001
2014-02-06,1773.4301,530.2388
2014-02-07,1797.02,541.142
2014-02-10,1799.84,547.6392999999999
2014-02-11,1819.75,551.5
2014-02-12,1819.26,553.4671999999999
2014-02-13,1829.83,558.5787
2014-02-14,1838.63,557.9680999999999
2014-02-18,1840.76,571.5200000000001
2014-02-19,1828.75,564.15
2014-02-20,1839.78,575.86
2014-02-21,1836.25,581.8599000000002
2014-02-24,1847.61,584.9949999999999
2014-02-25,1845.12,579.4870000000001
2014-02-26,1845.16,581.9000000000001
2014-02-27,1854.29,584.25
2014-02-28,1859.45,575.0799999999999
2014-03-03,1845.73,570.4
2014-03-04,1873.91,582.3999999999999
2014-03-05,1873.8101,586.77
2014-03-06,1877.03,581.4300000000001
2014-03-07,1878.04,578.55
2014-03-10,1877.17,575.4445
2014-03-11,1867.63,567.63
2014-03-12,1868.2,572.5600000000001
2014-03-13,1846.34,564.8799999999999
2014-03-14,1841.13,564.0699999999999
2014-03-17,1858.83,566.449
2014-03-18,1872.25,575.6301
2014-03-19,1860.77,570.71
2014-03-20,1872.01,569.3
2014-03-21,1866.52,561.19
2014-03-24,1857.4399,547.8996999999998
2014-03-25,1865.62,547.4128999999999
2014-03-26,1852.5601,533.7613999999999
2014-03-27,1849.04,535.775
2014-03-28,1857.62,531.0627
2014-03-31,1872.34,544.7262999999999
2014-04-01,1885.52,552.6148999999999
2014-04-02,1890.9,554.3079
2014-04-03,1888.77,544.235
2014-04-04,1865.09,535.5600000000001
2014-04-07,1845.04,534.27
2014-04-08,1851.96,532.68
2014-04-09,1872.1801,542.6118
2014-04-10,1833.08,518.5844999999999
2014-04-11,1815.6899,508.7899999999999
2014-04-14,1830.61,510.2298
2014-04-15,1842.98,513.0460999999999
2014-04-16,1862.3101,519.564
2014-04-17,1864.85,520.14
2014-04-21,1871.89,532.29
2014-04-22,1879.55,546.0095
2014-04-23,1875.39,537.1501000000001
2014-04-24,1878.61,533.7438000000001
2014-04-25,1863.4,522.9699999999999
2014-04-28,1869.4301,521.96
2014-04-29,1878.33,528.6800000000001
2014-04-30,1883.95,530.3039999999999
2014-05-01,1883.6801,531.53
2014-05-02,1881.14,531.405
2014-05-05,1884.66,531.8901
2014-05-06,1867.72,523.77
2014-05-07,1878.21,516.64
2014-05-08,1875.63,508.1901
2014-05-09,1878.48,514.84
2014-05-12,1896.65,526.1577
2014-05-13,1897.45,524.04
2014-05-14,1888.53,518.9798999999999
2014-05-15,1870.85,517.86
2014-05-16,1877.86,517.2099999999999
2014-05-19,1885.08,523.3213999999999
2014-05-20,1872.83,515.8329000000001
2014-05-21,1888.03,514.9211
2014-05-22,1892.49,522.074
2014-05-23,1900.53,529.0971
2014-05-27,1911.91,537.96
2014-05-28,1909.78,533.725
2014-05-29,1920.03,534.7968999999999
2014-05-30,1923.5699,530.2507
2014-06-02,1924.97,525.8199999999999
2014-06-03,1924.24,523.0261999999999
2014-06-04,1927.88,525.1398999999999
2014-06-05,1940.46,535.8801000000001
2014-06-06,1949.4399,541.931
2014-06-09,1951.27,549.4164999999999
2014-06-10,1950.79,546.64
2014-06-11,1943.89,547.388
2014-06-12,1930.11,544.86
2014-06-13,1936.16,547.92
2014-06-16,1937.78,555.664
2014-06-17,1941.99,559.6699
2014-06-18,1956.98,564.1641
2014-06-19,1959.48,565.33
2014-06-20,1962.87,565.1600000000001
2014-06-23,1962.61,562.11
2014-06-24,1949.98,557.105
2014-06-25,1959.53,561.8409999999999
2014-06-26,1957.22,557.9839999999999
2014-06-27,1960.96,560.56
2014-06-30,1960.23,562.7492
2014-07-01,1973.3199,570.98
2014-07-02,1974.62,567.98
2014-07-03,1985.4399,570.005
2014-07-07,1977.65,555.84
2014-07-08,1963.71,544.01
2014-07-09,1972.83,549.67
2014-07-10,1964.6801,542.1050000000001
2014-07-11,1967.5699,541.9399999999999
2014-07-14,1977.1,545.3800000000001
2014-07-15,1973.28,535.1850000000001
2014-07-16,1981.5699,532.98
2014-07-17,1958.12,517.38
2014-07-18,1978.22,528.6100000000001
2014-07-21,1973.63,521.77
2014-07-22,1983.53,524.327
2014-07-23,1987.01,530.4399999999999
2014-07-24,1987.98,528.6800000000001
2014-07-25,1978.34,525.461
2014-07-28,1978.91,523.8299999999999
2014-07-29,1969.95,528.9601
2014-07-30,1970.0699,532.7
2014-07-31,1930.67,516.8869000000001
2014-08-01,1925.15,516.5849999999999
2014-08-04,1938.99,522.0400000000001
2014-08-05,1920.21,522.4093
2014-08-06,1920.24,525.235
2014-08-07,1909.5699,516.1999999999999
2014-08-08,1931.59,522.175
2014-08-11,1936.92,530.62
2014-08-12,1933.75,529.8199999999999
2014-08-13,1946.72,533.1821
2014-08-14,1955.1801,533.7750000000001
2014-08-15,1955.0601,534.3
2014-08-18,1971.74,540.17
2014-08-19,1981.6,541.2360000000001
2014-08-20,1986.51,536.1248999999999
2014-08-21,1992.37,534.4000000000001
2014-08-22,1988.4,532.54
2014-08-25,1997.92,536.3919999999999
2014-08-26,2000.02,543.25
2014-08-27,2000.12,537.4000000000001
2014-08-28,1996.74,535.0970000000001
2014-08-29,2003.37,540.788
2014-09-02,2002.28,537.7900000000001
2014-09-03,2000.72,535.35
2014-09-04,1997.65,534.0899999999999
2014-09-05,2007.71,534.34
2014-09-08,2001.54,537.8700000000001
2014-09-09,1988.4399,531.3901000000001
2014-09-10,1995.6899,539.2429999999999
2014-09-11,1997.45,543.6664000000001
2014-09-12,1985.54,543.7829999999999
2014-09-15,1984.13,537.0355999999999
2014-09-16,1998.98,540.8652
2014-09-17,2001.5699,545.0310999999999
2014-09-18,2011.36,545.7196999999999
2014-09-19,2010.4,542.3281000000001
2014-09-22,1994.29,534.3427999999999
2014-09-23,1982.77,530.365
2014-09-24,1998.3,541.365
2014-09-25,1965.99,533.6229000000001
2014-09-26,1982.85,536.8
2014-09-29,1977.8,535.615
2014-09-30,1972.29,529.135
2014-10-01,1946.16,523.36
2014-10-02,1946.17,528.3599999999999
2014-10-03,1967.9,535.1025999999999
2014-10-06,1964.8199,532.3699999999999
2014-10-07,1935.1,523.6811
2014-10-08,1968.89,534.3362000000001
2014-10-09,1928.21,520.43
2014-10-10,1906.13,511.85900000000004
2014-10-13,1874.74,524.59
2014-10-14,1877.7,525.9267
2014-10-15,1862.49,533.2978
2014-10-16,1862.76,537.76
2014-10-17,1886.76,535.7249999999999
2014-10-20,1904.01,542.3701
2014-10-21,1941.28,549.34
2014-10-22,1927.11,546.163
2014-10-23,1950.8199,553.0
2014-10-24,1964.58,554.7299999999999
2014-10-27,1961.63,546.641
2014-10-28,1985.05,558.7873
2014-10-29,1982.3,552.6916
2014-10-30,1994.65,562.0100000000001
2014-10-31,2018.05,564.7828999999999
2014-11-03,2017.8101,564.0665000000001
2014-11-04,2012.1,556.6610000000001
2014-11-05,2023.5699,553.6002
2014-11-06,2031.21,559.1203999999999
2014-11-07,2031.92,561.73
2014-11-10,2038.26,564.8408999999999
2014-11-11,2039.6801,566.01
2014-11-12,2038.25,571.0100000000001
2014-11-13,2039.33,569.715
2014-11-14,2039.8199,559.671
2014-11-17,2041.3199,556.029
2014-11-18,2051.8,560.785
2014-11-19,2048.72,555.087
2014-11-20,2052.75,561.4099999999999
2014-11-21,2063.5,565.93
2014-11-24,2069.4099,577.2657000000002
2014-11-25,2067.03,577.3900000000001
2014-11-26,2072.8301,583.0000000000001
2014-11-28,2067.5601,580.9033
2014-12-01,2053.4399,577.48
2014-12-02,2066.55,583.46
2014-12-03,2074.3301,582.8901
2014-12-04,2071.9199,581.1
2014-12-05,2075.3701,582.61
2014-12-08,2060.3101,586.4167999999999
2014-12-09,2059.8201,592.625
2014-12-10,2026.14,573.75
2014-12-11,2035.33,574.2305
2014-12-12,2002.33,570.3100000000001
2014-12-15,1989.63,557.7747000000002
2014-12-16,1972.74,551.4847
2014-12-17,2012.89,569.53
2014-12-18,2061.23,582.7850000000001
2014-12-19,2070.6499,584.6600000000001
2014-12-22,2078.54,588.5454
2014-12-23,2082.1699,578.495
2014-12-24,2081.8799,581.7
2014-12-26,2088.77,589.6679999999999
2014-12-29,2090.5701,585.9499999999999
2014-12-30,2080.3501,583.75
2014-12-31,2058.8999,581.7049999999999
2015-01-02,2058.2,579.7279
2015-01-05,2020.58,573.3899999999999
2015-01-06,2002.61,567.01
2015-01-07,2025.9,578.9549999999999
2015-01-08,2062.1399,594.6976000000001
2015-01-09,2044.8101,590.6
2015-01-12,2028.26,589.9908
2015-01-13,2023.03,590.2925
2015-01-14,2011.27,587.77
2015-01-15,1992.67,576.639
2015-01-16,2019.42,584.3135
2015-01-20,2022.55,577.0699999999999
2015-01-21,2032.12,566.3046
2015-01-22,2063.1499,578.5005
2015-01-23,2051.8201,577.105
2015-01-26,2057.0901,582.955
2015-01-27,2029.55,582.311
2015-01-28,2002.16,571.104
2015-01-29,2021.25,579.684
2015-01-30,1994.99,567.5500000000001
2015-02-02,2020.85,570.115
2015-02-03,2050.03,571.7900000000001
2015-02-04,2041.51,563.7305
2015-02-05,2062.52,574.2337
2015-02-06,2055.47,568.76
2015-02-09,2046.74,565.2026
2015-02-10,2068.5901,575.0704
2015-02-11,2068.53,576.09
2015-02-12,2088.48,578.6152
2015-02-13,2096.99,587.1228
2015-02-17,2100.3401,592.8991000000001
2015-02-18,2099.6799,593.001
2015-02-19,2097.45,596.0849999999999
2015-02-20,2110.3,603.34
2015-02-23,2109.6599,604.01
2015-02-24,2115.48,604.745
2015-02-25,2113.8601,609.85
2015-02-26,2110.74,609.7449999999999
2015-02-27,2104.5,605.0403
2015-03-02,2117.3899,610.2200000000001
2015-03-03,2107.78,608.645
2015-03-04,2098.53,606.19
2015-03-05,2101.04,612.2765000000002
2015-03-06,2071.26,599.8839999999999
2015-03-09,2079.4299,601.0301000000001
2015-03-10,2044.16,594.7599
2015-03-11,2040.24,600.7560000000001
2015-03-12,2065.95,609.4411
2015-03-13,2053.3999,606.6877999999999
2015-03-16,2081.1899,612.3159999999999
2015-03-17,2074.28,609.5920000000001
2015-03-18,2099.5,611.2049999999999
2015-03-19,2089.27,620.111
2015-03-20,2108.1001,620.06
2015-03-23,2104.4199,616.2999
2015-03-24,2091.5,617.115
2015-03-25,2061.05,596.7950000000001
2015-03-26,2056.1499,590.86
2015-03-27,2061.02,596.5899999999999
2015-03-30,2086.24,605.2090000000001
2015-03-31,2067.8899,599.4591
2015-04-01,2059.6899,600.6652
2015-04-02,2066.96,603.5600000000001
2015-04-06,2080.6201,606.515
2015-04-07,2076.3301,603.09
2015-04-08,2081.8999,610.1550000000001
2015-04-09,2091.1799,611.115
2015-04-10,2102.0601,617.833
2015-04-13,2092.4299,619.9099
2015-04-14,2095.8401,617.615
2015-04-15,2106.6299,624.9750000000001
2015-04-16,2104.99,626.0662
2015-04-17,2081.1799,614.189
2015-04-20,2100.3999,621.1666
2015-04-21,2097.29,623.9250000000001
2015-04-22,2107.96,624.0250000000001
2015-04-23,2112.9299,625.2271000000001
2015-04-24,2117.6899,627.8649
2015-04-27,2108.9199,614.9501
2015-04-28,2114.76,613.49
2015-04-29,2106.8501,613.2
2015-04-30,2085.51,599.477
2015-05-01,2108.29,624.4141
2015-05-04,2114.49,623.9920999999998
2015-05-05,2089.46,613.745
2015-05-06,2080.1499,616.61
2015-05-07,2088.0,619.36
2015-05-08,2116.1001,626.876
2015-05-11,2105.3301,626.3501
2015-05-12,2099.1201,627.6099999999999
2015-05-13,2098.48,627.31
2015-05-14,2121.1001,637.8503999999999
2015-05-15,2122.73,647.4200000000001
2015-05-18,2129.2,654.7399
2015-05-19,2127.8301,650.4201
2015-05-20,2125.8501,667.3900000000001
2015-05-21,2130.8201,663.4801000000001
2015-05-22,2126.0601,662.75
2015-05-26,2104.2,661.8448
2015-05-27,2123.48,666.985
2015-05-28,2120.79,664.8465
2015-05-29,2107.3899,665.2106
2015-06-01,2111.73,664.4100000000001
2015-06-02,2109.6001,665.1781999999998
2015-06-03,2114.0701,670.0302000000001
2015-06-04,2095.8401,663.8389999999999
2015-06-05,2092.8301,669.8052000000001
2015-06-08,2079.28,665.5369000000001
2015-06-09,2080.1499,662.4470000000001
2015-06-10,2105.2,668.6
2015-06-11,2108.8601,672.5647
2015-06-12,2094.1101,667.84
2015-06-15,2084.4299,666.8604999999999
2015-06-16,2096.29,670.1448999999999
2015-06-17,2100.4399,671.3513
2015-06-18,2121.24,685.1410000000001
2015-06-19,2109.99,690.0591000000001
2015-06-22,2122.8501,696.7049
2015-06-23,2124.2,693.325
2015-06-24,2108.5801,681.1895
2015-06-25,2102.3101,682.0787
2015-06-26,2101.49,675.7217999999999
2015-06-29,2057.6399,656.33
2015-06-30,2063.1101,668.1716
2015-07-01,2077.4199,669.9849999999999
2015-07-02,2076.78,669.4749
2015-07-06,2068.76,668.0292000000001
2015-07-07,2081.3401,667.9798999999999
2015-07-08,2046.6801,652.3696
2015-07-09,2051.3101,659.249
2015-07-10,2076.6201,675.8765000000001
2015-07-13,2099.6001,683.72
2015-07-14,2108.95,691.81
2015-07-15,2107.3999,682.19
2015-07-16,2124.29,693.1678999999999
2015-07-17,2126.6399,694.97
2015-07-20,2128.28,692.1564
2015-07-21,2119.21,700.8050000000001
2015-07-22,2114.1499,704.6791999999999
2015-07-23,2102.1499,701.1001
2015-07-24,2079.6499,693.965
2015-07-27,2067.6399,685.8849999999998
2015-07-28,2093.25,689.5665
2015-07-29,2108.5701,686.56
2015-07-30,2108.6299,683.8651000000001
2015-07-31,2103.8401,698.8799999999999
2015-08-03,2098.04,697.73
2015-08-04,2093.3201,699.8601000000001
2015-08-05,2099.8401,706.585
2015-08-06,2083.5601,690.05
2015-08-07,2077.5701,671.325
2015-08-10,2104.1799,681.9375
2015-08-11,2084.0701,676.0346000000002
2015-08-12,2086.05,678.2982000000001
2015-08-13,2083.3899,676.0753
2015-08-14,2091.54,677.3654000000001
2015-08-17,2102.4399,690.115
2015-08-18,2096.9199,686.0564999999999
2015-08-19,2079.6101,684.1800000000001
2015-08-20,2035.73,658.5587
2015-08-21,1970.89,647.6700000000001
2015-08-24,1893.21,618.615
2015-08-25,1867.61,616.4200000000001
2015-08-26,1940.51,637.4215
2015-08-27,1987.66,652.0899999999999
2015-08-28,1988.87,660.269
2015-08-31,1972.1801,649.6999999999998
2015-09-01,1913.85,635.3842000000001
2015-09-02,1948.86,649.9772
2015-09-03,1951.13,642.6085
2015-09-04,1921.22,639.7699999999999
2015-09-08,1969.41,660.3824
2015-09-09,1942.04,650.323
2015-09-10,1952.29,658.1800000000001
2015-09-11,1961.05,664.4899
2015-09-14,1953.03,663.44
2015-09-15,1978.09,672.8999
2015-09-16,1995.3101,672.438
2015-09-17,1990.2,679.911
2015-09-18,1958.03,668.3297
2015-09-21,1966.97,653.7256
2015-09-22,1942.74,643.03
2015-09-23,1938.76,639.3699999999999
2015-09-24,1932.24,637.4049999999999
2015-09-25,1931.34,623.5301
2015-09-28,1881.77,599.415
2015-09-29,1884.09,592.1910000000001
2015-09-30,1920.03,605.7080000000001
2015-10-01,1923.8199,607.7174999999999
2015-10-02,1951.36,622.7769999999999
2015-10-05,1987.05,633.1500000000001
2015-10-06,1979.92,622.4350000000001
2015-10-07,1995.83,621.41
2015-10-08,2013.4301,623.9638
2015-10-09,2014.89,628.8637999999999
2015-10-12,2017.46,627.1309
2015-10-13,2003.6899,616.5700000000002
2015-10-14,1994.24,609.6899999999999
2015-10-15,2023.86,622.8
2015-10-16,2033.11,624.907
2015-10-19,2033.66,625.3719999999998
2015-10-20,2030.77,617.14
2015-10-21,2018.9399,609.3807999999999
2015-10-22,2052.51,613.449
2015-10-23,2075.1499,620.4251
2015-10-26,2071.1799,623.1252000000002
2015-10-27,2065.8899,623.7060000000001
2015-10-28,2090.3501,642.0900000000001
2015-10-29,2089.4099,635.7499999999999
2015-10-30,2079.3601,624.46
2015-11-02,2104.05,634.1578
2015-11-03,2109.79,637.7412
2015-11-04,2102.3101,643.0382000000001
2015-11-05,2099.9299,639.77
2015-11-06,2099.2,650.75
2015-11-09,2078.5801,648.4300000000001
2015-11-10,2081.72,646.3480000000001
2015-11-11,2075.0,639.1533999999999
2015-11-12,2045.97,624.6590000000001
2015-11-13,2023.04,625.181
2015-11-16,2053.1899,623.9
2015-11-17,2050.4399,621.59
2015-11-18,2083.5801,635.7710999999999
2015-11-19,2081.24,628.8232
2015-11-20,2089.1699,638.0802
2015-11-23,2086.5901,646.8354
2015-11-24,2089.1399,648.3779999999999
2015-11-25,2088.8701,651.3551000000001
2015-11-27,2090.1101,656.1613999999998
2015-11-30,2080.4099,648.508
2015-12-01,2102.6299,655.4038
2015-12-02,2079.51,652.6980000000001
2015-12-03,2049.6201,643.62
2015-12-04,2091.6899,659.8792
2015-12-07,2077.0701,642.7976
2015-12-08,2063.5901,647.7670999999999
2015-12-09,2047.62,639.86
2015-12-10,2052.23,636.2242000000001
2015-12-11,2012.37,615.1197
2015-12-14,2021.9399,613.8499
2015-12-15,2043.41,621.4671
2015-12-16,2073.0701,631.0933
2015-12-17,2041.89,622.7101
2015-12-18,2005.55,615.37
2015-12-21,2021.15,622.7649999999999
2015-12-22,2038.97,619.9051
2015-12-23,2064.29,632.8181
2015-12-24,2060.99,635.2499
2015-12-28,2056.5,631.76
2015-12-29,2078.3601,641.5500000000001
2015-12-30,2063.3601,636.67
2015-12-31,2043.9399,627.1401
2016-01-04,2012.66,617.4
2016-01-05,2016.71,617.4487999999999
2016-01-06,1990.26,613.5899999999999
2016-01-07,1943.09,599.6269000000001
2016-01-08,1922.03,590.6
2016-01-11,1923.67,582.1216
2016-01-12,1938.6801,588.5801
2016-01-13,1890.28,568.2623
2016-01-14,1921.84,580.91
2016-01-15,1880.33,553.152
2016-01-19,1881.33,546.025
2016-01-20,1859.33,547.1391
2016-01-21,1868.99,541.9399999999999
2016-01-22,1906.9,557.8107
2016-01-25,1877.08,547.9433
2016-01-26,1903.63,558.3799999999999
2016-01-27,1882.95,546.155
2016-01-28,1893.36,542.655
2016-01-29,1940.24,561.78
2016-02-01,1939.38,570.33
2016-02-02,1903.03,557.217
2016-02-03,1912.53,553.5
2016-02-04,1915.45,553.6400000000001
2016-02-05,1880.05,531.0229999999999
2016-02-08,1853.4399,514.622
2016-02-09,1852.21,507.19460000000004
2016-02-10,1851.86,504.28499999999997
2016-02-11,1829.08,501.62
2016-02-12,1864.78,523.7459
2016-02-16,1895.58,538.81
2016-02-17,1926.8199,551.3947
2016-02-18,1917.83,545.865
2016-02-19,1917.78,551.64
2016-02-22,1945.5,552.9899999999999
2016-02-23,1921.27,548.5611
2016-02-24,1929.8,554.7700000000001
2016-02-25,1951.7,559.65
2016-02-26,1948.05,558.8100000000001
2016-02-29,1932.23,557.3725000000001
2016-03-01,1978.35,567.5563000000001
2016-03-02,1986.45,574.7315
2016-03-03,1993.4,577.2099999999999
2016-03-04,1999.99,581.04
2016-03-07,2001.76,584.795
2016-03-08,1979.26,570.96
2016-03-09,1989.26,574.2899
2016-03-10,1989.5699,571.088
2016-03-11,2022.1899,582.4285
2016-03-14,2019.64,585.63
2016-03-15,2015.9301,574.4555
2016-03-16,2027.22,576.6504999999999
2016-03-17,2040.59,581.2691000000001
2016-03-18,2049.5801,586.2776
2016-03-21,2051.6001,591.94
2016-03-22,2049.8,588.4195000000001
2016-03-23,2036.71,572.3401000000001
2016-03-24,2035.9399,571.7447000000001
2016-03-28,2037.05,570.5244
2016-03-29,2055.01,586.9210999999999
2016-03-30,2063.95,590.4536
2016-03-31,2059.74,596.41
2016-04-01,2072.78,600.0498999999999
2016-04-04,2066.1299,598.665
2016-04-05,2045.17,594.2101
2016-04-06,2066.6599,610.8199999999999
2016-04-07,2041.91,604.6518
2016-04-08,2047.6,603.5599999999998
2016-04-11,2041.99,595.6751
2016-04-12,2061.72,599.155
2016-04-13,2082.4199,610.93
2016-04-14,2082.78,603.1786999999999
2016-04-15,2080.73,603.3570000000001
2016-04-18,2094.3401,608.1510000000001
2016-04-19,2100.8,600.1699999999998
2016-04-20,2102.3999,602.5200000000001
2016-04-21,2091.48,594.8199999999999
2016-04-22,2091.5801,599.8185
2016-04-25,2087.79,598.7
2016-04-26,2091.7,599.0773
2016-04-27,2095.1499,600.05
2016-04-28,2075.8101,597.0602
2016-04-29,2065.3,587.4402
2016-05-02,2081.4299,595.5675
2016-05-03,2063.3701,578.8301999999999
2016-05-04,2051.1201,568.32
2016-05-05,2050.6299,569.81
2016-05-06,2057.1399,571.57
2016-05-09,2058.6899,580.1800000000001
2016-05-10,2084.3899,585.325
2016-05-11,2064.46,571.4461
2016-05-12,2064.1101,568.3299999999999
2016-05-13,2046.61,567.6205000000001
2016-05-16,2066.6599,577.7699
2016-05-17,2047.21,568.03
2016-05-18,2047.63,568.24
2016-05-19,2040.04,567.61
2016-05-20,2052.3201,577.0128
2016-05-23,2048.04,576.0499000000001
2016-05-24,2076.0601,590.1600000000001
2016-05-25,2090.54,601.1488
2016-05-26,2090.1001,605.9649999999999
2016-05-27,2099.0601,606.6199999999999
2016-05-31,2096.95,610.6800000000001
2016-06-01,2099.3301,615.6152999999999
2016-06-02,2105.26,617.11
2016-06-03,2099.1299,611.6700000000001
2016-06-06,2109.4099,619.684
2016-06-07,2112.1299,622.7057000000001
2016-06-08,2119.1201,625.5427
2016-06-09,2115.48,621.3383
2016-06-10,2096.0701,607.53
2016-06-13,2079.0601,599.5169999999999
2016-06-14,2075.3201,600.0600000000002
2016-06-15,2071.5,600.0165
2016-06-16,2077.99,598.6485999999999
2016-06-17,2071.22,594.3479000000001
2016-06-20,2083.25,602.15
2016-06-21,2088.8999,601.2700999999998
2016-06-22,2085.45,598.6397
2016-06-23,2113.3201,607.5808999999999
2016-06-24,2037.41,586.26
2016-06-27,2000.54,569.08
2016-06-28,2036.09,582.08
2016-06-29,2070.77,596.6651999999999
2016-06-30,2098.8601,605.5311000000002
2016-07-01,2102.95,617.78
2016-07-05,2088.55,609.6331000000001
2016-07-06,2099.73,618.8998999999999
2016-07-07,2097.8999,621.5210000000001
2016-07-08,2129.8999,631.7899000000001
2016-07-11,2137.1599,638.0489
2016-07-12,2152.1399,640.5695000000001
2016-07-13,2152.4299,635.2723
2016-07-14,2163.75,641.431
2016-07-15,2161.74,641.4467999999999
2016-07-18,2166.8899,643.2931000000001
2016-07-19,2163.78,639.9350000000001
2016-07-20,2173.02,645.6801
2016-07-21,2165.1699,641.22
2016-07-22,2175.03,649.3949000000001
2016-07-25,2168.48,648.6601
2016-07-26,2169.1799,649.1007
2016-07-27,2166.5801,652.3199999999999
2016-07-28,2170.0601,653.4200000000001
2016-07-29,2173.6001,647.45
2016-08-01,2170.8401,656.8699999999999
2016-08-02,2157.03,646.0690000000002
2016-08-03,2163.79,650.4701
2016-08-04,2164.25,654.58
2016-08-05,2182.8701,664.7101999999999
2016-08-08,2180.8899,660.815
2016-08-09,2181.74,661.976
2016-08-10,2175.49,645.5801000000001
2016-08-11,2185.79,651.3699999999998
2016-08-12,2184.05,651.6
2016-08-15,2190.1499,655.3199999999999
2016-08-16,2178.1499,648.5375999999999
2016-08-17,2182.22,646.4199000000001
2016-08-18,2187.02,648.5599
2016-08-19,2183.8701,646.1051
2016-08-22,2182.6399,650.8151
2016-08-23,2186.8999,655.2081
2016-08-24,2175.4399,647.3399999999999
2016-08-25,2172.47,648.2806999999999
2016-08-26,2169.04,650.7784999999999
2016-08-29,2180.3799,656.7950000000001
2016-08-30,2176.1201,657.1349
2016-08-31,2170.95,653.8700000000001
2016-09-01,2170.8601,655.0910000000001
2016-09-02,2179.98,661.3601
2016-09-06,2186.48,666.7099999999999
2016-09-07,2186.1599,669.0000000000001
2016-09-08,2181.3,663.8299999999999
2016-09-09,2127.8101,644.5199999999998
2016-09-12,2159.04,656.9366000000001
2016-09-13,2127.02,642.5199
2016-09-14,2125.77,651.2801
2016-09-15,2147.26,656.1198
2016-09-16,2139.1599,654.0344999999999
2016-09-19,2139.1201,678.26
2016-09-20,2139.76,686.8369000000001
2016-09-21,2163.1201,693.9098999999999
2016-09-22,2177.1799,704.8135
2016-09-23,2164.6899,699.0421999999999
2016-09-26,2146.1001,695.207
2016-09-27,2159.9299,698.57
2016-09-28,2171.3701,703.2959999999999
2016-09-29,2151.1299,691.05
2016-09-30,2168.27,696.1655000000001
2016-10-03,2161.2,692.994
2016-10-04,2150.49,687.557
2016-10-05,2159.73,687.0003
2016-10-06,2160.77,649.1127
2016-10-07,2153.74,644.4299
2016-10-10,2163.6599,645.9062999999999
2016-10-11,2136.73,633.0268
2016-10-12,2139.1799,632.5803000000001
2016-10-13,2132.55,629.4033
2016-10-14,2132.98,625.2860000000001
2016-10-17,2126.5,622.2269
2016-10-18,2139.6001,629.11
2016-10-19,2144.29,628.5303
2016-10-20,2141.3401,627.4875000000001
2016-10-21,2141.1599,624.437
2016-10-24,2151.3301,630.5873000000001
2016-10-25,2143.1599,625.2990999999998
2016-10-26,2139.4299,619.2098
2016-10-27,2133.04,606.6621999999999
2016-10-28,2126.4099,621.1051000000001
2016-10-31,2126.1499,618.12
2016-11-01,2111.72,590.8479
2016-11-02,2097.9399,576.9128000000001
2016-11-03,2088.6599,568.2574
2016-11-04,2085.1799,566.984
2016-11-07,2131.52,581.7123
2016-11-08,2139.5601,586.5600000000002
2016-11-09,2163.26,601.4001
2016-11-10,2167.48,595.2256
2016-11-11,2164.45,598.7647000000001
2016-11-14,2164.2,595.7026999999999
2016-11-15,2180.3899,595.4401
2016-11-16,2176.9399,593.158
2016-11-17,2187.1201,596.6664
2016-11-18,2181.8999,598.5351000000002
2016-11-21,2198.1799,600.2154
2016-11-22,2202.9399,607.3085999999998
2016-11-23,2204.72,610.54
2016-11-25,2213.3501,611.9830000000001
2016-11-28,2201.72,604.7612000000001
2016-11-29,2204.6599,605.7399
2016-11-30,2198.8101,594.6501000000001
2016-12-01,2191.0801,584.8901000000001
2016-12-02,2191.95,584.6899999999999
2016-12-05,2204.71,595.995
2016-12-06,2212.23,601.8626999999999
2016-12-07,2241.3501,604.3898
2016-12-08,2246.1899,611.3129999999999
2016-12-09,2259.53,613.95
2016-12-12,2256.96,612.4899999999999
2016-12-13,2271.72,615.3299999999999
2016-12-14,2253.28,605.8449
2016-12-15,2262.03,609.1111
2016-12-16,2258.0701,612.4947999999998
2016-12-19,2262.53,611.2478999999998
2016-12-20,2270.76,611.1592
2016-12-21,2265.1799,612.633
2016-12-22,2260.96,607.235
2016-12-23,2263.79,613.0136
2016-12-27,2268.8799,614.34
2016-12-28,2249.9199,609.7143
2016-12-29,2249.26,610.1626999999999
2016-12-30,2238.8301,606.4201
2017-01-03,2257.8301,609.6589999999999
2017-01-04,2270.75,620.1650999999999
2017-01-05,2269.0,614.7794
2017-01-06,2276.98,616.2997999999999
2017-01-09,2268.8999,617.7120000000001
2017-01-10,2268.8999,628.8113
2017-01-11,2275.3201,620.7459
2017-01-12,2270.4399,615.2493000000001
2017-01-13,2274.6399,618.0399000000001
2017-01-17,2267.8899,608.7599999999999
2017-01-18,2271.8899,610.908
2017-01-19,2263.6899,605.7826
2017-01-20,2271.3101,605.3109000000001
2017-01-23,2265.2,601.4541999999999
2017-01-24,2280.0701,606.9517999999999
2017-01-25,2298.3701,610.4000000000001
2017-01-26,2296.6799,605.1134
2017-01-27,2294.6899,607.5298000000001
2017-01-30,2280.8999,599.2255
2017-01-31,2278.8701,606.9121
2017-02-01,2279.55,605.9300000000001
2017-02-02,2280.8501,609.38
2017-02-03,2297.4199,616.9449999999999
2017-02-06,2292.5601,614.4899999999999
2017-02-07,2293.0801,610.59
2017-02-08,2294.6699,612.06
2017-02-09,2307.8701,622.7600000000001
2017-02-10,2316.1001,633.1500000000001
2017-02-13,2328.25,628.83
2017-02-14,2337.5801,631.7500000000001
2017-02-15,2349.25,634.2033
2017-02-16,2347.22,629.9799999999999
2017-02-17,2351.1599,633.57
2017-02-21,2365.3799,635.75
2017-02-22,2362.8201,635.0899999999999
2017-02-23,2363.8101,633.8599999999999
2017-02-24,2367.3401,636.82
2017-02-27,2369.75,641.915
2017-02-28,2363.6399,637.5
2017-03-01,2395.96,644.28
2017-03-02,2381.9199,638.9699999999999
2017-03-03,2383.1201,642.8700000000001
2017-03-06,2375.3101,637.86
2017-03-07,2368.3899,635.5562
2017-03-08,2362.98,639.09
2017-03-09,2364.8701,635.33
2017-03-10,2372.6001,638.65
2017-03-13,2373.47,639.32
2017-03-14,2365.45,633.73
2017-03-15,2385.26,645.62
2017-03-16,2381.3799,643.9599999999999
2017-03-17,2378.25,650.2199999999999
2017-03-20,2373.47,652.71
2017-03-21,2344.02,633.36
2017-03-22,2348.45,629.605
2017-03-23,2345.96,630.3799999999999
2017-03-24,2343.98,631.69
2017-03-27,2341.5901,633.44
2017-03-28,2358.5701,636.4700000000001
2017-03-29,2361.1299,636.02
2017-03-30,2368.0601,637.0699999999999
2017-03-31,2362.72,638.8
2017-04-03,2358.8401,634.3199999999999
2017-04-04,2360.1599,632.91
2017-04-05,2352.95,626.0099999999999
2017-04-06,2357.49,628.28
2017-04-07,2355.54,628.67
2017-04-10,2357.1599,627.2560000000001
2017-04-11,2353.78,629.03
2017-04-12,2344.9299,625.7099999999998
2017-04-13,2328.95,622.73
2017-04-17,2349.01,628.8000000000001
2017-04-18,2342.1899,630.12
2017-04-19,2338.1699,634.8
2017-04-20,2355.8401,643.7700000000001
2017-04-21,2348.6899,639.6750000000001
2017-04-24,2374.1499,648.6999999999999
2017-04-25,2388.6101,656.3000000000001
2017-04-26,2387.45,660.6099999999999
2017-04-27,2388.77,660.4300000000001
2017-04-28,2384.2,651.893
2017-05-01,2388.3301,655.8809
2017-05-02,2391.1699,652.5300000000001
2017-05-03,2388.1299,658.4000000000001
2017-05-04,2389.52,660.4666999999998
2017-05-05,2399.29,662.7800000000001
2017-05-08,2399.3799,656.24
2017-05-09,2396.9199,657.95
2017-05-10,2399.6299,661.9900000000001
2017-05-11,2394.4399,659.9300000000001
2017-05-12,2390.8999,658.1599999999999
2017-05-15,2402.3201,676.29
2017-05-16,2400.6699,683.7499999999999
2017-05-17,2357.03,668.2345999999999
2017-05-18,2365.72,673.0
2017-05-19,2381.73,674.1199999999999
2017-05-22,2394.02,679.2
2017-05-23,2398.4199,679.0099999999999
2017-05-24,2404.3899,676.6663
2017-05-25,2415.0701,676.765
2017-05-26,2415.8201,672.8899999999999
2017-05-30,2412.9099,667.3060000000002
2017-05-31,2411.8,671.6800000000002
2017-06-01,2430.0601,685.5000000000001
2017-06-02,2439.0701,694.82
2017-06-05,2436.1001,689.1800000000001
2017-06-06,2429.3301,691.31
2017-06-07,2433.1399,692.24
2017-06-08,2433.79,697.7800000000001
2017-06-09,2431.77,691.6600000000001
2017-06-12,2429.3899,689.6600000000001
2017-06-13,2440.3501,699.5099999999998
2017-06-14,2437.9199,699.5099999999998
2017-06-15,2432.46,699.5300000000001
2017-06-16,2433.1499,698.8
2017-06-19,2453.46,706.86
2017-06-20,2437.03,702.86
2017-06-21,2435.6101,709.28
2017-06-22,2434.5,712.1200000000001
2017-06-23,2438.3,716.9499999999999
2017-06-26,2439.0701,715.6499999999999
2017-06-27,2419.3799,706.41
2017-06-28,2440.6899,714.21
2017-06-29,2419.7,705.1599999999999
2017-06-30,2423.4099,706.58
2017-07-03,2429.01,707.5400000000001
2017-07-05,2432.54,710.46
2017-07-06,2409.75,697.67
2017-07-07,2425.1799,705.5177
2017-07-10,2427.4299,698.0799999999999
2017-07-11,2425.53,701.1199999999999
2017-07-12,2443.25,706.58
2017-07-13,2447.8301,708.3506
2017-07-14,2459.27,711.35
2017-07-17,2459.1399,707.8
2017-07-18,2460.6101,700.8367
2017-07-19,2473.8301,707.6455
2017-07-20,2473.45,718.9892000000001
2017-07-21,2472.54,720.5787
2017-07-24,2469.9099,723.7611999999999
2017-07-25,2477.1299,721.0
2017-07-26,2477.8301,719.8300000000002
2017-07-27,2475.4199,710.3329000000002
2017-07-28,2472.1001,696.99
2017-07-31,2470.3,693.63
2017-08-01,2476.3501,691.6070000000001
2017-08-02,2477.5701,691.9018
2017-08-03,2472.1599,693.1799999999998
2017-08-04,2476.8301,692.3299999999999
2017-08-07,2480.9099,694.3699999999999
2017-08-08,2474.9199,690.5999999999999
2017-08-09,2474.02,688.4302
2017-08-10,2438.21,673.5055
2017-08-11,2441.3201,678.9955
2017-08-14,2465.8401,686.8199999999999
2017-08-15,2464.6101,681.2416999999999
2017-08-16,2468.1101,683.6700000000001
2017-08-17,2430.01,674.8000000000001
2017-08-18,2425.55,675.435
2017-08-21,2428.3701,678.5215000000001
2017-08-22,2452.51,685.4399999999999
2017-08-23,2444.04,681.2199999999998
2017-08-24,2438.97,682.13
2017-08-25,2443.05,682.0800000000002
2017-08-28,2444.24,686.945
2017-08-29,2446.3,688.9549999999999
2017-08-30,2457.5901,692.1829999999999
2017-08-31,2471.6499,697.153
2017-09-01,2476.55,707.2299999999999
2017-09-05,2457.8501,699.175
2017-09-06,2465.54,705.1499999999999
2017-09-07,2465.1001,688.5149999999999
2017-09-08,2461.4299,687.2651999999998
2017-09-11,2488.1101,701.2570999999998
2017-09-12,2496.48,702.72
2017-09-13,2498.3701,706.97
2017-09-14,2495.6201,711.9
2017-09-15,2500.23,712.9601000000001
2017-09-18,2503.8701,713.66
2017-09-19,2506.6499,707.1199999999999
2017-09-20,2508.24,746.9100000000001
2017-09-21,2500.6001,746.79
2017-09-22,2502.22,749.27
2017-09-25,2496.6599,750.12
2017-09-26,2496.8401,747.5
2017-09-27,2507.04,761.6800000000001
2017-09-28,2510.0601,766.5300000000001
2017-09-29,2519.3601,765.51
2017-10-02,2529.1201,781.4300000000001
2017-10-03,2534.5801,778.6199999999999
2017-10-04,2537.74,776.5799999999999
2017-10-05,2552.0701,779.7
2017-10-06,2549.3301,783.4309000000001
2017-10-09,2544.73,779.7900000000001
2017-10-10,2550.6399,782.72
2017-10-11,2555.24,785.9599999999999
2017-10-12,2550.9299,783.2499999999999
2017-10-13,2553.1699,781.19
2017-10-16,2557.6399,780.37
2017-10-17,2559.3601,774.96
2017-10-18,2561.26,778.97
2017-10-19,2562.1001,773.31
2017-10-20,2575.21,779.2200000000001
2017-10-23,2564.98,778.01
2017-10-24,2569.1299,777.6475
2017-10-25,2557.1499,776.0695999999999
2017-10-26,2560.3999,775.0299
2017-10-27,2581.0701,776.24
2017-10-30,2572.8301,769.87
2017-10-31,2575.26,777.67
2017-11-01,2579.3601,769.2100000000002
2017-11-02,2579.8501,777.905
2017-11-03,2587.8401,780.64
2017-11-06,2591.1299,781.81
2017-11-07,2590.6399,778.2135999999999
2017-11-08,2594.3799,780.4200000000001
2017-11-09,2584.6201,782.5400000000002
2017-11-10,2582.3,787.0000000000001
2017-11-13,2584.8401,778.3199999999999
2017-11-14,2578.8701,778.4200000000001
2017-11-15,2564.6201,769.0
2017-11-16,2585.6399,779.3855
2017-11-17,2578.8501,782.7200000000001
2017-11-20,2582.1399,786.0990999999999
2017-11-21,2599.03,799.01
2017-11-22,2597.0801,797.8000000000001
2017-11-24,2602.4199,800.265
2017-11-27,2601.4199,795.71
2017-11-28,2627.04,799.7058999999999
2017-11-29,2626.0701,798.6899999999997
2017-11-30,2647.5801,811.7299999999999
2017-12-01,2642.22,811.4337
2017-12-04,2639.4399,798.4219999999999
2017-12-05,2629.5701,789.1
2017-12-06,2629.27,789.5103000000001
2017-12-07,2636.98,795.8210000000001
2017-12-08,2651.5,797.9821000000001
2017-12-11,2659.99,791.8913
2017-12-12,2664.1101,790.6212
2017-12-13,2662.8501,795.2701
2017-12-14,2652.01,787.276
2017-12-15,2675.8101,797.3238000000001
2017-12-18,2690.1599,800.29
2017-12-19,2681.47,797.6401000000001
2017-12-20,2679.25,801.8457000000001
2017-12-21,2684.5701,804.5150000000002
2017-12-22,2683.3401,804.26
2017-12-26,2680.5,806.1750000000002
2017-12-27,2682.6201,808.3996999999999
2017-12-28,2687.54,811.7635
2017-12-29,2673.6101,802.017
2018-01-02,2695.8101,789.9041
2018-01-03,2713.0601,790.952
2018-01-04,2723.99,791.06
2018-01-05,2743.1499,788.3580000000001
2018-01-08,2747.71,787.3898000000002
2018-01-09,2751.29,795.844
2018-01-10,2748.23,793.1019
2018-01-11,2767.5601,800.0708999999999
2018-01-12,2786.24,807.3599999999999
2018-01-16,2776.4199,796.652
2018-01-17,2802.5601,804.5600000000001
2018-01-18,2798.03,801.6668
2018-01-19,2810.3,811.8351000000001
2018-01-22,2832.97,823.9288
2018-01-23,2839.1299,836.2580000000002
2018-01-24,2837.54,827.53
2018-01-25,2839.25,830.0209999999998
2018-01-26,2872.8701,833.1249999999999
2018-01-29,2853.53,829.1297000000002
2018-01-30,2822.4299,819.5137
2018-01-31,2823.8101,813.61
2018-02-01,2821.98,814.8756999999998
2018-02-02,2762.1299,797.0163
2018-02-05,2648.9399,768.4828
2018-02-06,2695.1399,779.1969999999999
2018-02-07,2681.6599,780.2210000000001
2018-02-08,2581.0,749.0289
2018-02-09,2619.55,754.6397
2018-02-12,2656.0,755.1225
2018-02-13,2662.9399,760.7139000000001
2018-02-14,2698.6299,766.6337000000002
2018-02-15,2731.2,780.7800000000001
2018-02-16,2732.22,784.0994000000001
2018-02-20,2716.26,777.2397000000001
2018-02-21,2701.3301,779.6500000000001
2018-02-22,2703.96,775.0699999999999
2018-02-23,2747.3,783.9099999999999
2018-02-26,2779.6001,792.5527000000001
2018-02-27,2744.28,784.0656
2018-02-28,2713.8301,773.5549999999998
2018-03-01,2677.6699,766.8901999999998
2018-03-02,2691.25,789.2720999999999
2018-03-05,2720.9399,801.6419000000001
2018-03-06,2728.1201,801.2605
2018-03-07,2726.8,807.5504000000001
2018-03-08,2738.97,810.3294
2018-03-09,2786.5701,823.8800000000001
2018-03-12,2783.02,841.7216999999999
2018-03-13,2765.3101,838.0536999999999
2018-03-14,2749.48,837.728
2018-03-15,2747.3301,834.5099999999999
2018-03-16,2752.01,839.5719999999999
2018-03-19,2712.9199,829.6535999999999
2018-03-20,2716.9399,833.3594
2018-03-21,2711.9299,833.9401
2018-03-22,2643.6899,815.6927000000001
2018-03-23,2588.26,800.4126000000001
2018-03-26,2658.55,816.8729
2018-03-27,2612.6201,799.3544999999999
2018-03-28,2605.0,795.0360000000001
2018-03-29,2640.8701,792.0419999999999
2018-04-02,2581.8799,763.162
2018-04-03,2614.45,768.7698999999999
2018-04-04,2644.6899,782.1489999999998
2018-04-05,2662.8401,778.0443
2018-04-06,2604.47,765.2950000000001
2018-04-09,2613.1599,770.9256
2018-04-10,2656.8701,782.4440000000002
2018-04-11,2642.1899,784.6399999999999
2018-04-12,2663.99,790.1599
2018-04-13,2656.3,782.1797
2018-04-16,2677.8401,780.2479
2018-04-17,2706.3899,791.71
2018-04-18,2708.6399,793.7562000000001
2018-04-19,2693.1299,788.3898999999999
2018-04-20,2670.1399,788.0800999999998
2018-04-23,2670.29,784.432
2018-04-24,2634.5601,776.7711
2018-04-25,2639.3999,776.806
2018-04-26,2666.9399,784.6354999999999
2018-04-27,2669.9099,791.169
2018-04-30,2648.05,785.1070000000001
2018-05-01,2654.8,785.3091
2018-05-02,2635.6699,778.8971
2018-05-03,2629.73,775.1116999999999
2018-05-04,2663.4199,799.2493
2018-05-07,2672.6299,809.8
2018-05-08,2671.9199,811.5250000000001
2018-05-09,2697.79,821.1548000000003
2018-05-10,2723.0701,826.822
2018-05-11,2727.72,832.9
2018-05-14,2730.1299,828.8974000000001
2018-05-15,2711.45,826.0481
2018-05-16,2722.46,832.3449999999999
2018-05-17,2720.1299,833.205
2018-05-18,2712.97,838.3498999999999
2018-05-21,2733.01,837.0221999999998
2018-05-22,2724.4399,828.8815000000001
2018-05-23,2733.29,830.1641000000001
2018-05-24,2727.76,834.6641999999999
2018-05-25,2721.3301,836.8853
2018-05-29,2689.8601,839.8599999999999
2018-05-30,2724.01,852.1279999999999
2018-06-06,2772.3501,867.24
